id,first_name,last_name,email,gender,ip_address
1,Forbes,Sperrett,fsperrett0@spotify.com,Male,4.137.87.6
2,Stefano,Vokes,svokes1@godaddy.com,Male,212.139.127.125
3,Quinton,Inold,qinold2@tinyurl.com,Male,18.3.221.211
4,Zabrina,Newland,znewland3@google.es,Female,20.73.27.148
5,Leupold,Quixley,lquixley4@fema.gov,Male,21.95.215.153
6,Gale,Tideswell,gtideswell5@friendfeed.com,Female,171.217.129.20
7,Mahalia,Dumingo,mdumingo6@studiopress.com,Female,93.126.200.89
8,Anders,Wingham,awingham7@whitehouse.gov,Male,10.11.247.61
9,Pet,Thumim,pthumim8@google.ca,Female,240.161.3.29
10,Kelwin,Berford,kberford9@mail.ru,Male,74.13.69.167
11,Corissa,Cosley,ccosleya@techcrunch.com,Female,218.227.197.2
12,Veronike,Sarfas,vsarfasb@dailymail.co.uk,Female,103.227.134.13
13,Brewer,Vennings,bvenningsc@soundcloud.com,Male,170.95.244.115
14,Matilda,Karolczyk,mkarolczykd@oracle.com,Female,153.201.53.171
15,Remus,Lardeur,rlardeure@constantcontact.com,Male,169.40.174.64
16,Amalea,Teece,ateecef@xing.com,Non-binary,242.88.233.244
17,Fletcher,Warsap,fwarsapg@instagram.com,Male,30.251.132.201
18,Cordy,Edington,cedingtonh@cocolog-nifty.com,Male,207.26.102.27
19,Rivy,Janman,rjanmani@1und1.de,Female,97.235.91.95
20,Eal,Porteous,eporteousj@zimbio.com,Genderqueer,77.101.72.49
21,Derry,Randell,drandellk@quantcast.com,Male,47.225.183.255
22,Haily,Charnick,hcharnickl@arizona.edu,Male,16.172.79.207
23,Sissie,McVie,smcviem@topsy.com,Female,241.96.209.160
24,Ava,Gunton,aguntonn@posterous.com,Female,103.73.13.59
25,Ewen,Powder,epowdero@opera.com,Male,167.49.251.124
26,Etheline,Finnes,efinnesp@auda.org.au,Female,170.99.148.184
27,Marjorie,Clemits,mclemitsq@topsy.com,Female,12.58.23.211
28,Kali,Cockshott,kcockshottr@rediff.com,Female,252.56.34.157
29,Davie,Pabel,dpabels@illinois.edu,Male,213.40.28.211
30,Daphna,Bainton,dbaintont@acquirethisname.com,Female,145.30.62.152
31,Cass,Hartlebury,chartleburyu@bloglines.com,Male,136.237.111.10
32,Von,Harrell,vharrellv@eventbrite.com,Male,219.70.77.138
33,Allan,Tick,atickw@indiegogo.com,Male,46.84.32.242
34,Fields,Tamblyn,ftamblynx@pen.io,Male,193.115.127.216
35,Jinny,Sheehan,jsheehany@usda.gov,Female,115.210.10.164
36,Derrik,Phinnessy,dphinnessyz@redcross.org,Male,143.117.250.190
37,Hewet,Edes,hedes10@msn.com,Male,224.43.159.99
38,Ad,Wallentin,awallentin11@youtu.be,Male,122.175.206.170
39,Philomena,Raspin,praspin12@elpais.com,Female,150.187.128.254
40,Pansie,Tee,ptee13@wiley.com,Genderfluid,163.44.198.72
41,Jeromy,Hopkynson,jhopkynson14@fema.gov,Male,7.86.55.234
42,Averil,Mulholland,amulholland15@springer.com,Male,41.85.113.80
43,Konstanze,Tredger,ktredger16@mac.com,Female,104.150.48.146
44,Melodie,Capelen,mcapelen17@qq.com,Female,71.97.147.252
45,Lyell,Jouanet,ljouanet18@ft.com,Male,149.48.218.129
46,Hobart,Mariolle,hmariolle19@newyorker.com,Male,155.111.77.14
47,Odelia,Bulcock,obulcock1a@newsvine.com,Female,172.46.163.144
48,Burk,Rogliero,brogliero1b@google.co.uk,Male,52.186.122.18
49,Arlen,Rennenbach,arennenbach1c@yelp.com,Female,43.75.218.200
50,Quintana,Larway,qlarway1d@weather.com,Female,156.188.17.111
51,Avis,Clavey,aclavey1e@noaa.gov,Female,62.239.74.241
52,Devonna,Dragon,ddragon1f@discuz.net,Genderfluid,180.44.207.104
53,Nataline,Philipsen,nphilipsen1g@fastcompany.com,Female,227.108.169.169
54,Johann,Ullett,jullett1h@youtu.be,Male,34.224.69.28
55,Webb,Reasce,wreasce1i@elegantthemes.com,Male,171.135.28.237
56,Nora,Mustchin,nmustchin1j@weibo.com,Female,162.192.182.15
57,Lisha,Beaumont,lbeaumont1k@time.com,Female,1.146.172.97
58,Sax,Peerless,speerless1l@patch.com,Male,66.157.36.89
59,Shawn,Sandbrook,ssandbrook1m@discuz.net,Female,125.234.63.191
60,Tedd,Threadgold,tthreadgold1n@youku.com,Male,114.226.75.165
61,Lucretia,Bligh,lbligh1o@cdbaby.com,Polygender,239.64.184.143
62,Hephzibah,Phifer,hphifer1p@cnbc.com,Female,191.8.49.183
63,Lorelei,Poli,lpoli1q@mayoclinic.com,Female,66.238.135.55
64,Clerc,Sherratt,csherratt1r@live.com,Male,200.16.136.7
65,Piper,Dickenson,pdickenson1s@opensource.org,Female,36.232.229.26
66,Shayne,Leeder,sleeder1t@apple.com,Male,66.22.207.44
67,Brnaby,Civitillo,bcivitillo1u@so-net.ne.jp,Male,5.141.236.212
68,Marsh,Espinet,mespinet1v@sourceforge.net,Male,129.93.165.125
69,Leann,Corley,lcorley1w@earthlink.net,Female,243.37.121.62
70,Ardisj,Glendza,aglendza1x@latimes.com,Female,236.2.202.139
71,Humfried,Rysom,hrysom1y@rakuten.co.jp,Male,171.206.123.174
72,Ronny,Russe,rrusse1z@youku.com,Female,102.245.40.110
73,Kermit,Skewes,kskewes20@nymag.com,Male,44.21.150.55
74,Cordey,Dimsdale,cdimsdale21@icq.com,Female,19.237.105.218
75,Mead,Storey,mstorey22@cbsnews.com,Male,79.36.87.159
76,Lemar,Carlin,lcarlin23@slate.com,Male,35.169.92.148
77,Oona,Potts,opotts24@mapy.cz,Female,160.242.236.49
78,Gusella,Dodswell,gdodswell25@forbes.com,Female,51.47.82.29
79,Ilise,Sivyer,isivyer26@aboutads.info,Female,38.252.209.240
80,Rhoda,Dyneley,rdyneley27@aol.com,Female,52.57.32.34
81,Lonee,McGaffey,lmcgaffey28@bloglines.com,Female,200.57.10.178
82,Dom,Riche,driche29@smh.com.au,Male,94.156.32.100
83,Penny,Duerden,pduerden2a@spotify.com,Female,208.172.158.72
84,Lew,Bewfield,lbewfield2b@jigsy.com,Male,233.223.77.174
85,Gunner,Rillatt,grillatt2c@dailymail.co.uk,Agender,178.189.201.219
86,Leonanie,Cromblehome,lcromblehome2d@prlog.org,Female,144.83.133.249
87,Becky,Lindegard,blindegard2e@i2i.jp,Female,39.183.176.103
88,Andriana,Chandlar,achandlar2f@livejournal.com,Female,227.26.178.155
89,Lorrie,Cornewell,lcornewell2g@histats.com,Male,44.160.75.43
90,Merrielle,Cohen,mcohen2h@ustream.tv,Female,206.74.149.52
91,Georgetta,Reiners,greiners2i@hexun.com,Female,91.50.185.20
92,Blithe,Hanbidge,bhanbidge2j@ebay.co.uk,Agender,13.28.122.62
93,Caressa,Plummer,cplummer2k@slashdot.org,Female,123.251.169.221
94,Lloyd,Bartaloni,lbartaloni2l@i2i.jp,Male,19.197.173.251
95,Alane,Callan,acallan2m@imgur.com,Female,246.154.142.7
96,Saxe,Bartlam,sbartlam2n@wikimedia.org,Male,34.218.8.169
97,Neda,Jepp,njepp2o@mail.ru,Female,87.48.38.101
98,Robbin,Cristol,rcristol2p@marriott.com,Female,236.121.4.105
99,Chere,Jancy,cjancy2q@utexas.edu,Female,161.78.39.135
100,Annabal,Povah,apovah2r@multiply.com,Female,248.210.7.208
101,Vanna,Dongate,vdongate2s@furl.net,Female,228.150.189.63
102,Winnifred,Rubinowitz,wrubinowitz2t@weibo.com,Female,46.20.118.38
103,Halette,Denham,hdenham2u@latimes.com,Female,131.15.177.139
104,Gaultiero,Keyworth,gkeyworth2v@techcrunch.com,Male,116.19.67.144
105,Geneva,Wield,gwield2w@wikimedia.org,Female,52.85.155.252
106,Randy,Sapshed,rsapshed2x@washington.edu,Male,207.187.97.13
107,Fredi,Grcic,fgrcic2y@apple.com,Female,7.214.254.142
108,Caresa,Van Dijk,cvandijk2z@china.com.cn,Female,247.33.68.37
109,Bordie,Gritsaev,bgritsaev30@slashdot.org,Male,98.26.176.29
110,Adair,Arcase,aarcase31@naver.com,Bigender,243.248.123.23
111,Jean,Renvoise,jrenvoise32@baidu.com,Polygender,159.34.175.1
112,Deb,Dacre,ddacre33@google.ru,Female,62.49.139.241
113,Otho,Dowtry,odowtry34@dell.com,Genderfluid,8.155.49.129
114,Annaliese,Myhill,amyhill35@mapquest.com,Female,164.141.146.217
115,Sheryl,O'Downe,sodowne36@multiply.com,Female,130.4.55.49
116,Desiree,Jovis,djovis37@mozilla.com,Non-binary,183.92.69.64
117,Davis,Kestin,dkestin38@google.es,Male,152.250.134.157
118,Lock,Gianelli,lgianelli39@nydailynews.com,Male,231.101.101.171
119,Barron,Schwandt,bschwandt3a@nih.gov,Male,92.221.223.39
120,Hanson,Jamison,hjamison3b@plala.or.jp,Male,218.120.22.175
121,Emelita,Glenfield,eglenfield3c@howstuffworks.com,Female,63.58.166.76
122,Anestassia,Mortimer,amortimer3d@mashable.com,Genderfluid,86.194.92.232
123,Anna-maria,Hanbridge,ahanbridge3e@indiatimes.com,Female,100.231.129.124
124,Yvon,Massimo,ymassimo3f@accuweather.com,Male,195.89.155.4
125,Margaret,Tidball,mtidball3g@tuttocitta.it,Female,206.182.130.143
126,Tucky,Minelli,tminelli3h@issuu.com,Male,44.37.152.156
127,Elizabet,Carlisi,ecarlisi3i@ucla.edu,Genderqueer,9.198.108.73
128,Julian,Bizley,jbizley3j@macromedia.com,Male,32.112.127.38
129,Jaye,Le Marchand,jlemarchand3k@state.tx.us,Male,242.39.179.8
130,Aretha,Gouldbourn,agouldbourn3l@unblog.fr,Female,214.174.91.82
131,Ellie,Wooding,ewooding3m@arizona.edu,Female,37.194.83.145
132,Yale,Labell,ylabell3n@jiathis.com,Agender,54.185.147.27
133,Read,Spehr,rspehr3o@tripod.com,Agender,200.218.196.186
134,Annecorinne,Reach,areach3p@whitehouse.gov,Female,36.171.98.27
135,Annaliese,Badam,abadam3q@pen.io,Female,79.234.72.130
136,Charlean,Woolaston,cwoolaston3r@abc.net.au,Female,82.77.75.11
137,Kane,Newborn,knewborn3s@last.fm,Male,170.164.201.38
138,Mira,Thiolier,mthiolier3t@deliciousdays.com,Agender,91.26.31.95
139,Gustavo,Mitrikhin,gmitrikhin3u@comsenz.com,Male,164.75.147.101
140,Manon,Pierucci,mpierucci3v@usda.gov,Female,154.91.92.60
141,Emelita,Dayly,edayly3w@networkadvertising.org,Female,49.94.71.120
142,Shalna,Wallach,swallach3x@bloomberg.com,Female,129.27.76.199
143,Luce,Alejandro,lalejandro3y@microsoft.com,Male,160.96.88.123
144,Dorette,Quiddihy,dquiddihy3z@blog.com,Female,149.117.149.77
145,Kati,Lynds,klynds40@netvibes.com,Female,187.173.52.191
146,Thomasin,Hustings,thustings41@rediff.com,Female,229.242.63.149
147,Atlanta,Blundan,ablundan42@adobe.com,Agender,141.194.181.126
148,Stavro,Koschke,skoschke43@opensource.org,Male,156.142.90.206
149,Teodorico,Crookall,tcrookall44@vkontakte.ru,Male,24.236.33.24
150,Jillana,Eakle,jeakle45@yellowbook.com,Female,7.25.84.178
151,Yurik,Salthouse,ysalthouse46@nyu.edu,Male,248.85.178.118
152,Danice,Lilie,dlilie47@craigslist.org,Female,153.38.52.153
153,Orel,MacGowing,omacgowing48@bbb.org,Female,28.155.17.34
154,Christoph,Jeste,cjeste49@google.cn,Male,244.8.90.124
155,Daune,O'Neary,doneary4a@slate.com,Female,20.79.239.197
156,Nani,Snodden,nsnodden4b@nydailynews.com,Genderfluid,253.146.111.17
157,Jaymie,Jouanot,jjouanot4c@fda.gov,Male,146.196.32.76
158,Cyrus,Pestor,cpestor4d@abc.net.au,Male,32.47.239.179
159,Danya,Ashfull,dashfull4e@nba.com,Female,16.182.5.214
160,Rubetta,Mendez,rmendez4f@walmart.com,Female,27.59.125.153
161,Morgan,Featherstone,mfeatherstone4g@ft.com,Female,49.31.23.121
162,Harley,Aymeric,haymeric4h@woothemes.com,Male,111.183.230.60
163,Mickie,Zarb,mzarb4i@nyu.edu,Male,49.52.107.60
164,Faulkner,Brelsford,fbrelsford4j@naver.com,Male,89.164.105.47
165,Timothee,Whylie,twhylie4k@yahoo.com,Male,142.245.54.187
166,Queenie,Austing,qausting4l@state.gov,Female,117.169.134.245
167,Brocky,Digby,bdigby4m@yellowbook.com,Male,27.23.223.231
168,Noble,Renshaw,nrenshaw4n@spotify.com,Genderqueer,45.178.120.140
169,Thane,Squibe,tsquibe4o@ow.ly,Polygender,69.224.74.75
170,Gan,Dobrowlski,gdobrowlski4p@google.it,Male,163.192.106.84
171,Deina,Farnworth,dfarnworth4q@theglobeandmail.com,Female,178.191.254.77
172,Elwin,Bulmer,ebulmer4r@vistaprint.com,Male,26.13.46.181
173,Valle,Ivimey,vivimey4s@loc.gov,Male,40.111.10.151
174,Brad,Paris,bparis4t@wikia.com,Male,144.243.42.161
175,Cindie,Killough,ckillough4u@pbs.org,Polygender,96.17.61.78
176,Saudra,Batte,sbatte4v@multiply.com,Female,82.191.83.185
177,Libbie,Boss,lboss4w@elpais.com,Female,172.112.67.25
178,Kienan,Gumbley,kgumbley4x@eepurl.com,Male,168.185.124.85
179,Demeter,oldey,doldey4y@wordpress.com,Female,44.177.115.139
180,Jeni,Cicccitti,jcicccitti4z@opera.com,Female,22.200.153.217
181,Leeann,Melton,lmelton50@japanpost.jp,Female,57.165.250.198
182,Sara,Morfield,smorfield51@amazon.co.uk,Female,244.171.92.241
183,Bernarr,Birchall,bbirchall52@spotify.com,Male,33.254.71.76
184,Enrica,Monkleigh,emonkleigh53@comcast.net,Female,185.209.68.253
185,Bambi,Dirkin,bdirkin54@google.com,Female,101.27.28.217
186,Jeramey,Detloff,jdetloff55@columbia.edu,Male,121.145.113.160
187,Nelie,Heavyside,nheavyside56@github.com,Female,210.233.207.47
188,Meara,Mouland,mmouland57@phoca.cz,Female,213.112.181.241
189,Pamelina,Seacroft,pseacroft58@netlog.com,Female,231.233.24.63
190,Scotty,Patise,spatise59@patch.com,Male,45.206.93.3
191,Berky,Lindwall,blindwall5a@spiegel.de,Male,36.156.61.92
192,Jessamine,Cooling,jcooling5b@marriott.com,Female,131.11.182.226
193,Estrella,Umbers,eumbers5c@tuttocitta.it,Female,191.219.235.167
194,Tamiko,Dugall,tdugall5d@csmonitor.com,Female,72.167.236.53
195,Arleyne,Quillinane,aquillinane5e@jimdo.com,Female,107.78.217.40
196,Sande,Sterrie,ssterrie5f@squarespace.com,Female,125.45.165.193
197,Tuckie,Long,tlong5g@fc2.com,Genderqueer,97.255.165.108
198,Odette,Casebourne,ocasebourne5h@smugmug.com,Female,43.22.35.230
199,Adel,Ambrozik,aambrozik5i@vk.com,Female,255.236.83.206
200,Fin,Hartfleet,fhartfleet5j@google.co.jp,Male,226.200.129.149
201,Prentiss,Baigrie,pbaigrie5k@bloomberg.com,Male,106.52.27.124
202,Rakel,Klehn,rklehn5l@youtu.be,Bigender,236.43.51.58
203,Rube,Kinnin,rkinnin5m@stanford.edu,Male,73.119.103.223
204,Morie,Hinsche,mhinsche5n@fema.gov,Male,242.95.215.103
205,Meridel,Smeeth,msmeeth5o@yandex.ru,Agender,17.250.190.29
206,Langston,Lynas,llynas5p@go.com,Male,9.34.230.255
207,Bard,Jentges,bjentges5q@tinyurl.com,Male,137.188.173.249
208,Pru,Fraczkiewicz,pfraczkiewicz5r@nasa.gov,Female,49.119.104.44
209,Fields,Addlestone,faddlestone5s@engadget.com,Male,199.250.85.183
210,Tisha,Forster,tforster5t@msn.com,Female,192.29.71.188
211,Margeaux,Toun,mtoun5u@nature.com,Female,135.165.196.7
212,Michel,Blenkharn,mblenkharn5v@cpanel.net,Genderqueer,96.54.209.67
213,Alan,Balch,abalch5w@sphinn.com,Male,153.147.168.213
214,Karil,Jorio,kjorio5x@comcast.net,Female,65.61.224.151
215,Northrop,Izat,nizat5y@geocities.com,Male,181.95.46.28
216,Mirna,Haglinton,mhaglinton5z@usgs.gov,Female,22.114.135.38
217,Raimundo,Swann,rswann60@unicef.org,Male,110.98.142.190
218,Moll,Parsons,mparsons61@opera.com,Female,216.111.108.245
219,Deck,Rundle,drundle62@cisco.com,Male,216.172.199.43
220,Lockwood,Delos,ldelos63@smugmug.com,Male,165.51.36.104
221,Joseph,Brusle,jbrusle64@t-online.de,Male,211.188.87.94
222,Saul,Lorand,slorand65@bravesites.com,Male,1.203.162.42
223,Russell,Lodden,rlodden66@is.gd,Male,168.36.96.12
224,Hanson,Dzenisenka,hdzenisenka67@utexas.edu,Male,145.226.211.169
225,Nicole,Toffel,ntoffel68@sciencedaily.com,Female,209.118.58.118
226,Giselbert,Greason,ggreason69@yahoo.com,Male,78.45.208.191
227,Saraann,Etuck,setuck6a@networkadvertising.org,Female,240.78.129.1
228,Dion,McLaverty,dmclaverty6b@state.gov,Female,217.188.127.112
229,Reinald,Neylon,rneylon6c@marriott.com,Male,163.46.88.10
230,Logan,Hendrickx,lhendrickx6d@plala.or.jp,Bigender,184.3.124.117
231,Kienan,Titheridge,ktitheridge6e@whitehouse.gov,Male,21.13.96.198
232,Sutherlan,Allbon,sallbon6f@about.me,Male,226.188.119.65
233,Sissie,Geeson,sgeeson6g@smugmug.com,Female,97.91.102.128
234,Nell,Bush,nbush6h@domainmarket.com,Female,185.214.25.38
235,Sheba,Brewerton,sbrewerton6i@hc360.com,Female,207.117.71.189
236,Stephani,Groves,sgroves6j@patch.com,Female,192.62.52.117
237,Michal,Orable,morable6k@youku.com,Male,185.237.113.25
238,Maggy,Ghioni,mghioni6l@go.com,Female,177.34.210.65
239,Portia,Turone,pturone6m@gizmodo.com,Female,106.48.4.6
240,Bernita,Dench,bdench6n@europa.eu,Female,158.201.125.217
241,Beatrice,Aldis,baldis6o@walmart.com,Female,154.154.174.3
242,Armstrong,Garlett,agarlett6p@dailymotion.com,Male,49.76.63.150
243,Hurleigh,Lapsley,hlapsley6q@arstechnica.com,Male,210.23.4.127
244,Matthiew,Travers,mtravers6r@bbc.co.uk,Male,138.88.47.22
245,Emmeline,Riggey,eriggey6s@google.it,Female,224.118.105.7
246,Jody,Millett,jmillett6t@irs.gov,Female,82.52.27.37
247,Flora,Vint,fvint6u@mapy.cz,Genderqueer,199.184.101.196
248,Jeffrey,Eastgate,jeastgate6v@pcworld.com,Male,125.107.69.137
249,Kimberli,Dinzey,kdinzey6w@mashable.com,Female,54.118.69.61
250,Renaud,Pygott,rpygott6x@state.tx.us,Male,100.1.85.21
251,Fancie,Bohea,fbohea6y@freewebs.com,Female,33.65.106.48
252,Vickie,Balden,vbalden6z@mtv.com,Female,74.187.177.132
253,Dixie,Heustice,dheustice70@angelfire.com,Female,159.151.133.34
254,Abdel,Nolot,anolot71@google.fr,Male,146.255.118.96
255,Shannon,Stanyer,sstanyer72@is.gd,Female,9.218.118.152
256,Rozina,Paolicchi,rpaolicchi73@slashdot.org,Female,158.161.180.139
257,Pace,Findlow,pfindlow74@creativecommons.org,Male,236.158.226.44
258,Dennie,Scutter,dscutter75@usatoday.com,Male,159.220.31.42
259,Lizbeth,Pimerick,lpimerick76@ycombinator.com,Female,227.109.179.81
260,Karil,Bessom,kbessom77@nasa.gov,Female,235.202.82.47
261,Halie,Hoffman,hhoffman78@nps.gov,Female,69.130.25.105
262,Rhonda,Bissiker,rbissiker79@psu.edu,Female,229.4.30.236
263,Emmett,Bellworthy,ebellworthy7a@google.nl,Male,206.210.238.222
264,Lisbeth,Axell,laxell7b@last.fm,Female,169.93.238.147
265,La verne,Beetham,lbeetham7c@reuters.com,Female,10.139.107.25
266,Brittni,Enstone,benstone7d@nationalgeographic.com,Female,75.32.102.49
267,Tonie,Daniel,tdaniel7e@hhs.gov,Female,104.246.248.177
268,Andres,Boxell,aboxell7f@nhs.uk,Male,18.136.112.23
269,Jerry,Champe,jchampe7g@geocities.jp,Female,158.75.73.90
270,Tonie,Tunkin,ttunkin7h@abc.net.au,Female,64.173.90.42
271,Marley,Stayt,mstayt7i@nasa.gov,Female,51.175.41.117
272,Joceline,Caught,jcaught7j@unicef.org,Female,70.198.24.166
273,Lowrance,Bougourd,lbougourd7k@exblog.jp,Male,254.117.159.193
274,Devland,Norsister,dnorsister7l@hp.com,Male,29.69.167.5
275,Verile,Presnall,vpresnall7m@home.pl,Female,46.91.216.174
276,Hillary,Reddick,hreddick7n@opera.com,Female,4.155.167.94
277,Jillane,Websdale,jwebsdale7o@sciencedirect.com,Bigender,39.82.27.199
278,Kara-lynn,Purver,kpurver7p@icq.com,Female,244.149.209.107
279,Louise,Bage,lbage7q@hhs.gov,Agender,136.138.106.81
280,Moyra,Sleith,msleith7r@slate.com,Female,55.89.130.115
281,Mufi,Ripping,mripping7s@creativecommons.org,Female,210.164.255.18
282,Guillermo,Tyrrell,gtyrrell7t@myspace.com,Male,91.223.174.115
283,Vernen,Duplock,vduplock7u@constantcontact.com,Agender,42.248.123.40
284,Farand,Egan,fegan7v@biblegateway.com,Female,151.237.80.124
285,Alexis,Karchowski,akarchowski7w@mozilla.com,Male,8.238.81.130
286,Fleur,Halm,fhalm7x@mysql.com,Female,218.235.220.229
287,Faith,Rowsell,frowsell7y@constantcontact.com,Female,221.49.33.187
288,Gradeigh,Serotsky,gserotsky7z@squidoo.com,Male,175.81.143.190
289,Creighton,Mountfort,cmountfort80@topsy.com,Male,103.194.41.228
290,Wolfgang,Adshede,wadshede81@economist.com,Male,150.128.17.214
291,Wylma,Vasilmanov,wvasilmanov82@nature.com,Female,127.187.183.147
292,Reginald,Fraine,rfraine83@ucsd.edu,Male,179.66.142.120
293,Mattheus,Bonsul,mbonsul84@examiner.com,Male,188.110.226.16
294,Saw,Wozencroft,swozencroft85@who.int,Male,122.235.0.251
295,Zacharia,O'Donovan,zodonovan86@comsenz.com,Male,231.7.59.136
296,Salvidor,Worman,sworman87@skype.com,Male,99.110.137.87
297,Rees,Jaray,rjaray88@wikia.com,Genderqueer,165.96.96.173
298,Gris,Kimmince,gkimmince89@wisc.edu,Male,9.215.100.232
299,Frederick,Collick,fcollick8a@histats.com,Male,174.35.153.248
300,Friedrick,Bennington,fbennington8b@whitehouse.gov,Male,206.127.10.201
301,Frederico,Whimp,fwhimp8c@google.nl,Male,51.226.181.159
302,Courtnay,Roger,croger8d@hostgator.com,Male,227.138.219.234
303,Raleigh,Scherer,rscherer8e@geocities.com,Male,104.225.91.210
304,Hillier,Couper,hcouper8f@vistaprint.com,Male,157.110.95.8
305,Claudianus,Nibloe,cnibloe8g@skyrock.com,Male,155.6.139.236
306,Russell,Iddens,riddens8h@tumblr.com,Male,242.243.27.123
307,Chaunce,Hazelby,chazelby8i@elpais.com,Male,21.246.62.99
308,Parnell,Gogay,pgogay8j@tmall.com,Male,218.132.138.153
309,Christine,Dagnan,cdagnan8k@thetimes.co.uk,Female,65.15.111.77
310,Filide,Kreber,fkreber8l@photobucket.com,Female,75.3.115.42
311,Dilly,Ivkovic,divkovic8m@typepad.com,Male,246.241.35.123
312,Liza,Judkin,ljudkin8n@macromedia.com,Female,155.18.23.7
313,Kendrick,Rawcliffe,krawcliffe8o@loc.gov,Male,129.24.58.143
314,Renado,Rounding,rrounding8p@usnews.com,Male,244.104.18.241
315,Trixy,Doole,tdoole8q@clickbank.net,Female,87.171.27.112
316,Reginauld,Daines,rdaines8r@macromedia.com,Male,177.231.84.118
317,Cecelia,Chattey,cchattey8s@delicious.com,Female,54.138.126.255
318,Alleen,Woolpert,awoolpert8t@craigslist.org,Polygender,64.35.61.175
319,Travers,Pol,tpol8u@unesco.org,Male,116.74.212.72
320,Cammy,Fayerbrother,cfayerbrother8v@mac.com,Male,233.194.144.218
321,Linette,Bayne,lbayne8w@instagram.com,Female,207.27.156.95
322,Sayer,Machen,smachen8x@xing.com,Male,65.151.248.124
323,Donnie,Donnett,ddonnett8y@technorati.com,Male,211.89.252.24
324,Rriocard,Greenier,rgreenier8z@independent.co.uk,Male,119.41.134.34
325,Briggs,Skitch,bskitch90@newyorker.com,Male,65.82.78.169
326,Gerick,Black,gblack91@forbes.com,Male,95.6.117.51
327,Anabel,Ummfrey,aummfrey92@feedburner.com,Female,100.118.21.122
328,Reggie,Bernadon,rbernadon93@drupal.org,Female,64.45.45.113
329,Emelda,Dunstone,edunstone94@harvard.edu,Female,183.98.30.71
330,Antonie,Chamberlaine,achamberlaine95@weebly.com,Female,2.112.126.178
331,Wendell,Gueste,wgueste96@friendfeed.com,Male,185.135.234.157
332,Putnem,Possell,ppossell97@wisc.edu,Male,125.51.196.74
333,Haroun,Cudbird,hcudbird98@cocolog-nifty.com,Male,32.46.189.74
334,Lanita,Rodman,lrodman99@surveymonkey.com,Female,70.232.192.157
335,Al,Bernardot,abernardot9a@alexa.com,Polygender,29.96.243.111
336,Morena,Dalbey,mdalbey9b@bizjournals.com,Agender,139.137.132.167
337,Emmaline,Gerkens,egerkens9c@google.ru,Female,156.35.119.206
338,Lucien,Flann,lflann9d@oaic.gov.au,Male,230.180.65.30
339,Helsa,Ipsgrave,hipsgrave9e@house.gov,Female,113.159.98.145
340,Giuditta,Letessier,gletessier9f@linkedin.com,Female,181.137.102.155
341,Rochella,Amorts,ramorts9g@meetup.com,Female,147.123.138.125
342,Goddard,Revill,grevill9h@hibu.com,Male,254.175.157.200
343,Olympia,Poor,opoor9i@mit.edu,Female,221.0.67.139
344,Josiah,Brimacombe,jbrimacombe9j@va.gov,Non-binary,154.25.227.30
345,Jamil,Babinski,jbabinski9k@harvard.edu,Male,142.6.113.251
346,Hakim,Edgeson,hedgeson9l@berkeley.edu,Male,90.98.100.207
347,Gunther,Gariff,ggariff9m@state.tx.us,Male,137.50.121.135
348,Robb,Lillgard,rlillgard9n@goo.gl,Male,185.189.241.80
349,Kristoforo,Libri,klibri9o@dropbox.com,Male,168.228.254.192
350,Noell,Spohrmann,nspohrmann9p@netscape.com,Female,200.135.221.216
351,Nannette,Nevitt,nnevitt9q@google.nl,Female,94.152.59.146
352,Clarabelle,Ruvel,cruvel9r@patch.com,Female,129.136.108.51
353,Merrie,Slopier,mslopier9s@dropbox.com,Female,113.25.115.35
354,Huntlee,Spargo,hspargo9t@bloomberg.com,Male,8.16.122.84
355,Lenore,O'Grogane,logrogane9u@bravesites.com,Female,177.40.103.133
356,Bernadene,Czajkowska,bczajkowska9v@foxnews.com,Female,137.195.222.90
357,Petronia,Foston,pfoston9w@tuttocitta.it,Female,97.221.54.177
358,Lelah,Johnston,ljohnston9x@sitemeter.com,Female,36.193.120.138
359,Emmi,McSherry,emcsherry9y@eepurl.com,Female,151.223.69.134
360,Darwin,Brogden,dbrogden9z@about.me,Male,8.122.22.85
361,Dinnie,Large,dlargea0@census.gov,Genderqueer,163.202.72.178
362,Sauveur,Sandyfirth,ssandyfirtha1@shop-pro.jp,Male,132.4.216.76
363,Ryan,Snashall,rsnashalla2@noaa.gov,Male,231.104.199.38
364,Abdel,Dursley,adursleya3@bizjournals.com,Male,230.178.47.246
365,Franklin,Goodluck,fgoodlucka4@github.io,Male,179.13.47.79
366,Oswell,Loverock,oloverocka5@baidu.com,Male,138.252.128.94
367,Colas,Kidwell,ckidwella6@boston.com,Male,133.175.255.96
368,Ibrahim,Diben,idibena7@nytimes.com,Male,229.50.232.32
369,Sigismond,Bowshire,sbowshirea8@alexa.com,Male,34.80.218.213
370,Adriana,O'dell,aodella9@ed.gov,Polygender,18.168.72.203
371,Mead,Alderson,maldersonaa@vistaprint.com,Female,137.88.46.52
372,Ewan,Lorans,eloransab@stanford.edu,Genderfluid,139.67.35.253
373,Saxon,Rosterne,srosterneac@google.cn,Male,223.219.62.240
374,Corny,Baptista,cbaptistaad@mapy.cz,Male,233.24.136.49
375,Dina,Jenyns,djenynsae@adobe.com,Female,64.15.138.78
376,Eben,Coll,ecollaf@altervista.org,Male,177.179.55.31
377,Padgett,Ferras,pferrasag@phoca.cz,Male,224.210.118.79
378,Rudd,Volage,rvolageah@sbwire.com,Male,29.193.4.135
379,Mimi,Albrook,malbrookai@sohu.com,Female,25.94.57.206
380,Victor,D'Enrico,vdenricoaj@myspace.com,Male,144.74.239.243
381,Ora,Clyma,oclymaak@ocn.ne.jp,Female,165.21.36.126
382,Rebecca,Todarini,rtodarinial@utexas.edu,Female,94.255.8.174
383,Rosco,O'Loinn,roloinnam@slate.com,Male,225.73.23.68
384,Lev,Cane,lcanean@state.gov,Male,242.193.126.39
385,Kiel,Epp,keppao@ox.ac.uk,Male,238.235.80.148
386,Samuel,Kleinstern,skleinsternap@abc.net.au,Male,159.228.145.0
387,Quinn,Formigli,qformigliaq@nationalgeographic.com,Male,238.183.162.243
388,Cally,Piddick,cpiddickar@exblog.jp,Female,110.0.60.196
389,Travis,Beards,tbeardsas@dropbox.com,Male,56.72.177.241
390,Sterling,Bartolomivis,sbartolomivisat@europa.eu,Male,79.151.26.181
391,Wolfie,Fenelow,wfenelowau@fotki.com,Male,173.51.40.210
392,Wernher,Baptista,wbaptistaav@hao123.com,Male,11.51.210.64
393,Torrey,Axelbey,taxelbeyaw@macromedia.com,Male,217.76.45.70
394,Inglis,Elecum,ielecumax@google.cn,Male,204.49.99.253
395,Kimberley,Bleacher,kbleacheray@ibm.com,Female,5.16.63.67
396,Aldous,Downes,adownesaz@blog.com,Male,23.139.73.35
397,Roy,Picford,rpicfordb0@dailymail.co.uk,Male,126.117.103.175
398,Jaine,Calltone,jcalltoneb1@dot.gov,Female,12.55.59.111
399,Rog,Redsull,rredsullb2@feedburner.com,Male,165.204.67.188
400,Zebulen,Osgar,zosgarb3@networksolutions.com,Male,139.210.214.7
401,Clarine,Scane,cscaneb4@squidoo.com,Female,218.204.2.120
402,Darya,Pesik,dpesikb5@msu.edu,Genderqueer,189.43.97.135
403,Andonis,Durban,adurbanb6@myspace.com,Male,84.129.218.71
404,Alexia,Fourcade,afourcadeb7@naver.com,Female,200.230.36.243
405,Putnam,Szymanowski,pszymanowskib8@homestead.com,Male,228.52.160.221
406,Gaylord,Itzkovitch,gitzkovitchb9@jugem.jp,Male,12.94.252.137
407,Giacobo,Salzburger,gsalzburgerba@si.edu,Male,120.95.180.131
408,Cordie,McWilliam,cmcwilliambb@addthis.com,Female,119.135.20.186
409,Beverley,Helgass,bhelgassbc@about.com,Female,22.116.193.215
410,Reider,Harms,rharmsbd@mapy.cz,Male,38.0.101.93
411,Cass,Shreve,cshrevebe@tinyurl.com,Male,118.110.210.163
412,Davin,Albion,dalbionbf@example.com,Male,122.217.109.205
413,Arnoldo,Brehault,abrehaultbg@artisteer.com,Male,52.106.19.140
414,Cass,Withrop,cwithropbh@1und1.de,Male,19.110.2.238
415,Betsy,Marioneau,bmarioneaubi@springer.com,Female,230.205.35.244
416,Bradley,Franzelini,bfranzelinibj@chicagotribune.com,Male,21.187.166.126
417,Leontyne,Drover,ldroverbk@typepad.com,Female,180.0.68.0
418,Timmy,Tremmil,ttremmilbl@mediafire.com,Male,97.143.126.148
419,Hughie,Naish,hnaishbm@ameblo.jp,Male,254.239.242.203
420,Lesya,Gorick,lgorickbn@hao123.com,Female,89.118.110.96
421,Heath,Yakobovicz,hyakoboviczbo@mayoclinic.com,Female,162.7.123.183
422,Sissy,Worsnap,sworsnapbp@theglobeandmail.com,Female,160.142.210.106
423,Fanni,Branwhite,fbranwhitebq@stumbleupon.com,Female,35.205.237.139
424,Cristabel,Iles,cilesbr@istockphoto.com,Female,22.225.49.134
425,Loralyn,Yea,lyeabs@mapquest.com,Female,92.129.229.78
426,Ellswerth,Blader,ebladerbt@ycombinator.com,Male,119.230.63.198
427,Ellis,Tiptaft,etiptaftbu@tamu.edu,Male,139.46.208.52
428,Saul,Cullotey,sculloteybv@aol.com,Male,234.19.246.23
429,Jilly,Dowd,jdowdbw@shinystat.com,Female,203.36.133.81
430,Hamlen,Mc Giffin,hmcgiffinbx@artisteer.com,Male,58.204.151.130
431,Rosalynd,Guenther,rguentherby@booking.com,Female,250.130.236.104
432,Veronica,MacNeilage,vmacneilagebz@creativecommons.org,Female,154.177.79.160
433,Valerie,Brinsford,vbrinsfordc0@ycombinator.com,Female,33.135.9.186
434,Kirsten,Vagg,kvaggc1@timesonline.co.uk,Female,38.40.186.120
435,Allsun,Ashwin,aashwinc2@ustream.tv,Female,254.71.168.82
436,Melodie,Blowick,mblowickc3@bigcartel.com,Female,183.145.107.26
437,Alister,Motherwell,amotherwellc4@fema.gov,Male,201.97.124.101
438,Coralie,Corns,ccornsc5@4shared.com,Female,174.52.216.99
439,Josepha,Rhoades,jrhoadesc6@wired.com,Female,92.62.97.59
440,Barn,Pulteneye,bpulteneyec7@bigcartel.com,Genderfluid,22.177.32.50
441,Chrissy,Bonde,cbondec8@dell.com,Male,199.189.228.208
442,Jeanette,Nyssen,jnyssenc9@163.com,Female,61.48.66.88
443,Giovanna,Carbry,gcarbryca@gmpg.org,Female,67.97.159.105
444,Brigham,Blyde,bblydecb@theguardian.com,Male,24.36.91.100
445,Felicle,Wyeld,fwyeldcc@vkontakte.ru,Female,65.72.75.161
446,Willy,Pattison,wpattisoncd@jigsy.com,Male,217.152.180.115
447,Biddy,Dahl,bdahlce@hibu.com,Female,227.126.165.178
448,Leda,Dougill,ldougillcf@soundcloud.com,Female,180.33.165.35
449,Harrietta,Perks,hperkscg@typepad.com,Female,84.129.123.182
450,Linnea,Shakshaft,lshakshaftch@adobe.com,Female,127.109.75.173
451,Luz,Ovington,lovingtonci@tuttocitta.it,Female,148.55.214.11
452,Kellia,Charrett,kcharrettcj@abc.net.au,Female,192.39.88.213
453,Barty,Wallsam,bwallsamck@tamu.edu,Male,127.172.61.15
454,Irita,Broker,ibrokercl@wikimedia.org,Female,62.244.184.225
455,Chandal,Liccardi,cliccardicm@shutterfly.com,Female,2.183.42.227
456,Kalila,McGeagh,kmcgeaghcn@deviantart.com,Polygender,46.44.206.204
457,Cara,Caughte,ccaughteco@livejournal.com,Female,47.29.198.152
458,Clare,Ferebee,cferebeecp@foxnews.com,Male,219.180.242.99
459,Mano,Buddles,mbuddlescq@theglobeandmail.com,Male,135.149.241.48
460,Alain,Messenbird,amessenbirdcr@abc.net.au,Male,144.166.54.71
461,Tripp,Tod,ttodcs@ifeng.com,Male,45.66.195.64
462,Antone,MacLeod,amacleodct@nyu.edu,Male,13.224.235.40
463,Bessy,Heys,bheyscu@oracle.com,Female,212.91.11.131
464,Patton,Joe,pjoecv@mozilla.com,Male,51.239.200.246
465,Hebert,Brisker,hbriskercw@privacy.gov.au,Male,135.62.213.76
466,Catha,Preuvost,cpreuvostcx@pcworld.com,Female,162.174.10.13
467,Eulalie,Nouch,enouchcy@dropbox.com,Female,133.60.34.160
468,Nissa,Hakes,nhakescz@examiner.com,Female,92.123.82.165
469,Mervin,Leneve,mleneved0@nature.com,Male,27.223.53.168
470,Karlens,Sharper,ksharperd1@yelp.com,Male,247.222.235.12
471,Garald,Barstowk,gbarstowkd2@xrea.com,Male,59.164.29.131
472,Lock,Hallybone,lhallyboned3@jugem.jp,Male,23.58.13.175
473,Fernando,Tuting,ftutingd4@oaic.gov.au,Male,20.192.133.38
474,Ethelred,Ende,eended5@woothemes.com,Male,230.93.229.135
475,Adolphe,Neno,anenod6@nytimes.com,Male,180.236.140.105
476,Farrah,Phillips,fphillipsd7@taobao.com,Polygender,157.92.99.254
477,Oralla,Penna,opennad8@clickbank.net,Female,175.29.220.216
478,Torie,Melley,tmelleyd9@umich.edu,Female,106.153.76.4
479,Alene,Guppey,aguppeyda@merriam-webster.com,Female,100.188.148.192
480,Christiane,Gladwish,cgladwishdb@uol.com.br,Female,203.72.41.13
481,Pammi,Cruwys,pcruwysdc@e-recht24.de,Female,46.221.15.255
482,Konstanze,Brothwell,kbrothwelldd@reddit.com,Female,157.53.231.239
483,Saunder,Frary,sfraryde@economist.com,Male,46.208.254.57
484,Annabal,Davidovics,adavidovicsdf@oakley.com,Female,204.19.98.116
485,Enrica,Esson,eessondg@themeforest.net,Female,57.232.168.21
486,Tatiana,Grief,tgriefdh@ted.com,Female,141.211.135.48
487,Ruttger,Turford,rturforddi@webmd.com,Male,71.239.84.141
488,Pearle,Scott,pscottdj@joomla.org,Female,13.90.151.32
489,Alric,Saberton,asabertondk@telegraph.co.uk,Male,238.240.81.117
490,Madel,Betteson,mbettesondl@github.io,Agender,67.11.34.76
491,Mickie,Seivwright,mseivwrightdm@netscape.com,Polygender,78.76.57.54
492,Maryjane,Rackam,mrackamdn@cocolog-nifty.com,Female,26.124.4.196
493,Thebault,Latliff,tlatliffdo@usda.gov,Male,122.7.89.253
494,Clemens,Nilles,cnillesdp@wikipedia.org,Polygender,128.106.218.104
495,Burl,Franzke,bfranzkedq@rambler.ru,Male,239.13.74.101
496,Hirsch,Stain,hstaindr@simplemachines.org,Male,234.145.59.110
497,Anna-maria,Kerfod,akerfodds@squarespace.com,Female,58.50.25.174
498,Emiline,Udell,eudelldt@g.co,Bigender,244.182.58.194
499,Bayard,Jellings,bjellingsdu@ycombinator.com,Agender,5.102.2.92
500,Alaster,Yeskin,ayeskindv@feedburner.com,Male,196.158.58.129
501,Mareah,Gaspar,mgaspardw@ning.com,Female,119.103.38.156
502,Nils,Whyke,nwhykedx@technorati.com,Male,207.254.56.165
503,Sheila,Antonelli,santonellidy@indiegogo.com,Female,108.128.4.213
504,Ronna,Christene,rchristenedz@ocn.ne.jp,Female,104.117.167.83
505,Erminia,Raffan,eraffane0@google.ca,Female,26.241.108.148
506,Reamonn,Djakovic,rdjakovice1@seesaa.net,Male,152.164.67.78
507,Weidar,Ryland,wrylande2@list-manage.com,Male,52.252.64.115
508,Gael,Mangan,gmangane3@nasa.gov,Male,136.175.125.223
509,Locke,Antonnikov,lantonnikove4@ask.com,Male,68.235.12.64
510,Herta,Starmer,hstarmere5@cargocollective.com,Female,146.2.185.168
511,Bartolemo,Dallander,bdallandere6@themeforest.net,Male,62.5.122.0
512,Grier,Dain,gdaine7@time.com,Non-binary,88.128.129.182
513,Jasun,Lovegrove,jlovegrovee8@wufoo.com,Male,59.115.218.55
514,Reilly,Gley,rgleye9@dailymail.co.uk,Male,135.218.172.243
515,Carlyle,Micklewicz,cmicklewiczea@independent.co.uk,Male,179.76.118.44
516,Kennedy,Eldred,keldredeb@bizjournals.com,Male,169.8.112.118
517,Matilda,Heustice,mheusticeec@dmoz.org,Female,173.5.253.53
518,Honoria,Farran,hfarraned@multiply.com,Female,237.3.151.25
519,Hall,Cochrane,hcochraneee@dell.com,Male,188.182.201.144
520,Lorenza,Bourbon,lbourbonef@gnu.org,Female,187.68.167.43
521,Loren,Harrowsmith,lharrowsmitheg@nyu.edu,Genderqueer,176.59.22.60
522,Lowe,Chattelaine,lchattelaineeh@mapy.cz,Male,62.80.212.217
523,Corney,Showte,cshowteei@fastcompany.com,Male,214.116.155.149
524,Nickie,O Sullivan,nosullivanej@irs.gov,Female,153.161.41.181
525,Kristy,Cesconi,kcesconiek@whitehouse.gov,Female,219.48.90.56
526,Berkly,Nilges,bnilgesel@cdc.gov,Male,66.197.200.191
527,Jonie,Leyden,jleydenem@rediff.com,Female,233.44.106.215
528,Goldarina,Baurerich,gbaurerichen@yahoo.com,Genderfluid,238.85.156.114
529,Joshia,Hattam,jhattameo@intel.com,Male,159.226.185.234
530,Yettie,Claesens,yclaesensep@360.cn,Female,218.181.56.196
531,Newton,Paraman,nparamaneq@ox.ac.uk,Male,218.242.28.42
532,Sonnie,Gove,sgoveer@ox.ac.uk,Genderfluid,197.41.4.44
533,Marietta,Sandilands,msandilandses@shutterfly.com,Male,221.30.22.106
534,Niccolo,Mawford,nmawfordet@wiley.com,Male,215.148.210.106
535,Ruthy,Bickerdike,rbickerdikeeu@gizmodo.com,Female,127.171.49.137
536,Iago,Stuke,istukeev@spotify.com,Male,163.87.110.115
537,Lexy,Menary,lmenaryew@nps.gov,Female,88.40.1.176
538,Chrissy,Strode,cstrodeex@twitter.com,Agender,222.56.64.160
539,Katherina,Bramo,kbramoey@blogs.com,Female,160.177.254.16
540,Delmore,Bolesworth,dbolesworthez@bandcamp.com,Male,136.241.190.78
541,Jackelyn,Stuckes,jstuckesf0@networksolutions.com,Female,108.148.71.103
542,Reynard,Boddam,rboddamf1@wikimedia.org,Male,6.156.2.237
543,Tedda,Lavens,tlavensf2@blogs.com,Female,0.148.30.40
544,Odelinda,Ruberti,orubertif3@cocolog-nifty.com,Female,100.61.85.215
545,Kinsley,Agostini,kagostinif4@discuz.net,Male,146.143.65.91
546,Eirena,Destouche,edestouchef5@alibaba.com,Female,134.194.78.131
547,Chaddie,Towson,ctowsonf6@auda.org.au,Male,189.154.101.5
548,Carmelita,Willacot,cwillacotf7@ocn.ne.jp,Polygender,241.250.101.242
549,Peri,Minchin,pminchinf8@hud.gov,Bigender,72.84.130.126
550,Tiffani,Luna,tlunaf9@mozilla.org,Female,161.39.54.179
551,Leola,Lightowler,llightowlerfa@bloglines.com,Female,241.196.180.220
552,Carson,Errichelli,cerrichellifb@time.com,Male,8.31.184.240
553,Barbaraanne,Althorpe,balthorpefc@vistaprint.com,Female,96.67.164.199
554,Bekki,Thuillier,bthuillierfd@mit.edu,Female,33.254.77.92
555,Leonerd,Lamprey,llampreyfe@so-net.ne.jp,Male,74.82.69.210
556,Leda,Kollatsch,lkollatschff@mail.ru,Female,118.175.93.94
557,Neile,Balaizot,nbalaizotfg@1688.com,Female,210.119.157.53
558,Demetrius,O'Scanlon,doscanlonfh@dell.com,Male,143.92.151.61
559,Zenia,Cesconi,zcesconifi@comcast.net,Female,176.202.6.11
560,Nicolai,Walden,nwaldenfj@blogger.com,Agender,137.123.129.178
561,Mayer,Frake,mfrakefk@bing.com,Male,76.158.64.133
562,Sherwood,Verny,svernyfl@desdev.cn,Male,213.174.113.163
563,Xever,Tomaszek,xtomaszekfm@booking.com,Male,32.89.156.164
564,Adriena,Misken,amiskenfn@elpais.com,Female,33.53.41.126
565,Lonee,Pincked,lpinckedfo@tamu.edu,Female,76.204.117.157
566,Liuka,Hick,lhickfp@i2i.jp,Female,181.126.39.90
567,Cristina,Verni,cvernifq@nih.gov,Female,119.87.224.205
568,Jojo,Elgee,jelgeefr@com.com,Female,163.187.94.227
569,Barbabra,Lapthorn,blapthornfs@so-net.ne.jp,Female,145.82.98.68
570,Fianna,Hindrich,fhindrichft@symantec.com,Female,33.104.153.124
571,Bard,Witherspoon,bwitherspoonfu@topsy.com,Male,16.91.47.239
572,Sasha,Bedinham,sbedinhamfv@un.org,Male,146.81.55.158
573,Niles,Fookes,nfookesfw@europa.eu,Male,203.103.55.252
574,Howard,Iuorio,hiuoriofx@youku.com,Male,229.72.6.224
575,Ellyn,Dubock,edubockfy@nymag.com,Female,56.194.193.123
576,Joey,O'Heneghan,joheneghanfz@mac.com,Female,167.37.66.201
577,Clair,Lidierth,clidierthg0@sourceforge.net,Male,48.253.46.91
578,Rosamond,Gilchrist,rgilchristg1@washington.edu,Female,13.153.37.59
579,Wilden,Kerrod,wkerrodg2@behance.net,Male,169.147.26.8
580,Bobinette,Matyukon,bmatyukong3@netscape.com,Female,220.206.231.248
581,Scotty,Kennaird,skennairdg4@homestead.com,Male,197.124.86.245
582,Keith,Doe,kdoeg5@europa.eu,Male,31.141.134.193
583,Tildi,Gartenfeld,tgartenfeldg6@va.gov,Female,93.205.111.181
584,Maryjo,Bake,mbakeg7@ustream.tv,Female,143.183.187.67
585,Kenyon,Linsley,klinsleyg8@theglobeandmail.com,Male,167.14.97.147
586,Cynde,Whaplington,cwhaplingtong9@princeton.edu,Female,198.43.88.221
587,Catherine,Hathaway,chathawayga@wikia.com,Female,81.59.97.181
588,Winnifred,Rainon,wrainongb@hubpages.com,Female,224.137.47.132
589,Dennet,Teanby,dteanbygc@wix.com,Male,1.43.220.75
590,Rubina,Verrechia,rverrechiagd@netscape.com,Female,160.255.187.108
591,Sarette,Fetters,sfettersge@accuweather.com,Non-binary,32.149.81.142
592,Chaunce,Feragh,cferaghgf@cnet.com,Male,164.67.105.226
593,Dorice,Shory,dshorygg@webs.com,Female,171.138.223.82
594,Amalia,Henriques,ahenriquesgh@cisco.com,Polygender,134.121.153.119
595,Frederique,Portchmouth,fportchmouthgi@skype.com,Female,94.231.250.127
596,Buddy,Elwell,belwellgj@reddit.com,Male,79.42.216.174
597,Cale,Novello,cnovellogk@tmall.com,Male,255.113.28.211
598,Gaspard,Thying,gthyinggl@etsy.com,Male,71.167.230.87
599,Babs,O'Lunney,bolunneygm@taobao.com,Female,103.141.145.73
600,Twila,Ismay,tismaygn@bloglines.com,Female,248.166.19.39
601,Crichton,Lantoph,clantophgo@google.de,Male,117.181.160.123
602,Ursuline,Brimham,ubrimhamgp@istockphoto.com,Female,224.85.178.204
603,Morgana,Morbey,mmorbeygq@samsung.com,Female,141.183.48.206
604,Tris,McCarver,tmccarvergr@topsy.com,Male,166.169.232.55
605,Silva,Blackwell,sblackwellgs@joomla.org,Female,72.194.51.238
606,Val,Sweatland,vsweatlandgt@hugedomains.com,Bigender,11.39.117.227
607,Codi,OIlier,coiliergu@google.com,Polygender,23.48.248.188
608,Anneliese,Westlake,awestlakegv@weebly.com,Female,14.215.117.153
609,Harp,Dabourne,hdabournegw@qq.com,Male,4.130.152.136
610,Christyna,Attack,cattackgx@amazonaws.com,Female,229.224.175.70
611,Falkner,Richens,frichensgy@sun.com,Male,137.59.103.177
612,Enrique,Bruffell,ebruffellgz@cocolog-nifty.com,Male,177.28.167.139
613,Trudi,Parade,tparadeh0@ovh.net,Female,202.98.38.227
614,Ferne,Parkins,fparkinsh1@pbs.org,Female,138.131.235.61
615,Vince,Bennie,vbennieh2@rakuten.co.jp,Male,55.45.222.128
616,Major,Woodes,mwoodesh3@bandcamp.com,Male,191.99.92.148
617,Cosmo,Lazenbury,clazenburyh4@paginegialle.it,Male,252.186.143.175
618,Ailene,Sakins,asakinsh5@wikipedia.org,Female,124.23.180.52
619,Fanni,Colbourn,fcolbournh6@time.com,Female,207.91.171.241
620,Carolee,Congram,ccongramh7@sohu.com,Female,48.16.103.24
621,Bamby,Davydzenko,bdavydzenkoh8@usa.gov,Female,132.85.98.73
622,Cristin,Witherington,cwitheringtonh9@yandex.ru,Female,4.202.38.159
623,Kristina,Tattershall,ktattershallha@so-net.ne.jp,Polygender,17.114.45.91
624,Lea,Fancourt,lfancourthb@1688.com,Female,237.74.195.103
625,Remus,Senior,rseniorhc@ted.com,Male,139.160.78.158
626,Mathew,Bickerdyke,mbickerdykehd@exblog.jp,Male,158.21.25.114
627,North,Fray,nfrayhe@elegantthemes.com,Male,243.132.156.241
628,Horatius,Berkley,hberkleyhf@ebay.com,Male,185.247.140.224
629,Codie,Scrine,cscrinehg@posterous.com,Male,14.146.104.50
630,Stewart,Baggalley,sbaggalleyhh@biglobe.ne.jp,Male,194.50.54.145
631,Ruthi,Ware,rwarehi@npr.org,Female,204.55.113.252
632,Brad,Shinefield,bshinefieldhj@dailymail.co.uk,Male,227.102.13.64
633,Porter,Sayburn,psayburnhk@nationalgeographic.com,Male,52.116.108.123
634,Luelle,Lebreton,llebretonhl@addtoany.com,Female,139.137.104.50
635,Essy,Khalid,ekhalidhm@springer.com,Female,197.243.118.67
636,Fee,Fripps,ffrippshn@mashable.com,Male,160.192.90.14
637,Nealy,Verrills,nverrillsho@ucoz.com,Male,155.86.241.12
638,Walton,Edger,wedgerhp@cbsnews.com,Male,217.239.116.57
639,Elisha,McGinney,emcginneyhq@xrea.com,Agender,244.192.161.112
640,Adolf,Murfill,amurfillhr@goo.ne.jp,Male,104.11.56.151
641,Norrie,Chaudrelle,nchaudrellehs@stumbleupon.com,Male,21.127.252.103
642,Renell,Cheese,rcheeseht@angelfire.com,Female,182.100.212.146
643,Axel,Lowen,alowenhu@twitter.com,Male,104.110.54.41
644,Karlee,Tilburn,ktilburnhv@ovh.net,Female,211.16.79.212
645,Cybill,Cleminson,ccleminsonhw@indiatimes.com,Female,177.113.147.104
646,Basilio,Alpin,balpinhx@chronoengine.com,Male,73.241.44.156
647,Lebbie,Kilmartin,lkilmartinhy@msu.edu,Female,161.184.74.52
648,Grace,Maddrell,gmaddrellhz@hatena.ne.jp,Bigender,81.61.133.47
649,Gilbertine,Caldroni,gcaldronii0@vimeo.com,Polygender,5.135.74.160
650,Karie,Piscopo,kpiscopoi1@mapquest.com,Female,190.255.116.54
651,Horst,Trimnell,htrimnelli2@wikispaces.com,Male,196.90.222.5
652,Natalie,Muggeridge,nmuggeridgei3@telegraph.co.uk,Female,42.229.41.57
653,Kristina,Etienne,ketiennei4@typepad.com,Female,41.53.52.253
654,Janot,Slocumb,jslocumbi5@sciencedaily.com,Female,252.223.49.30
655,Neel,Roback,nrobacki6@oakley.com,Male,43.252.97.25
656,Collen,Gavagan,cgavagani7@ezinearticles.com,Female,155.12.10.154
657,Gearalt,Prebble,gprebblei8@about.com,Male,93.7.197.140
658,Georgena,Valens-Smith,gvalenssmithi9@google.pl,Female,148.197.141.254
659,Morley,Jerzak,mjerzakia@moonfruit.com,Male,95.254.67.159
660,Berty,Grogan,bgroganib@weebly.com,Male,178.57.3.205
661,Jodi,Partner,jpartneric@tuttocitta.it,Female,28.183.61.145
662,Guillemette,Denis,gdenisid@amazonaws.com,Genderqueer,51.58.150.242
663,Baxie,Scopyn,bscopynie@creativecommons.org,Male,143.216.222.4
664,Katheryn,Yaldren,kyaldrenif@youku.com,Female,254.123.216.192
665,Jermain,Benit,jbenitig@mapy.cz,Male,190.249.123.8
666,Kin,Kirdsch,kkirdschih@sfgate.com,Male,229.170.88.78
667,Alistair,Lovell,alovellii@constantcontact.com,Male,83.95.8.234
668,Ruddie,Dowding,rdowdingij@japanpost.jp,Male,20.12.207.240
669,Janeen,Russilll,jrussilllik@umich.edu,Female,125.64.172.206
670,Johnath,Pembery,jpemberyil@wikimedia.org,Genderqueer,106.116.133.255
671,Hobard,McGuiney,hmcguineyim@tmall.com,Genderqueer,98.79.189.111
672,Lawry,Peppin,lpeppinin@yahoo.co.jp,Male,228.241.37.101
673,Ave,Wylie,awylieio@free.fr,Male,5.131.197.210
674,Miriam,Beynkn,mbeynknip@usnews.com,Polygender,188.216.196.250
675,Alair,Human,ahumaniq@tripod.com,Male,74.15.220.130
676,Ethelda,Worboys,eworboysir@youtu.be,Polygender,78.155.177.3
677,Cornell,Audrey,caudreyis@qq.com,Male,38.18.243.79
678,Percival,Nassau,pnassauit@mit.edu,Male,170.194.65.51
679,Wiatt,Mohammad,wmohammadiu@cnet.com,Male,16.43.137.178
680,Theresina,Pedgrift,tpedgriftiv@twitpic.com,Female,151.33.128.183
681,Rea,Curnick,rcurnickiw@live.com,Genderfluid,1.118.245.153
682,Dyana,Goldwater,dgoldwaterix@pen.io,Female,205.224.83.246
683,Raquel,Grafom,rgrafomiy@fotki.com,Female,190.52.26.236
684,Gretal,Camell,gcamelliz@multiply.com,Female,204.126.198.35
685,Maryellen,Hinckley,mhinckleyj0@examiner.com,Female,230.239.121.143
686,Arv,Gigg,agiggj1@devhub.com,Non-binary,118.91.177.84
687,Vally,Urien,vurienj2@yelp.com,Female,129.229.255.78
688,Ava,Sinclar,asinclarj3@wikipedia.org,Female,31.212.204.106
689,Griz,Lively,glivelyj4@census.gov,Male,134.227.176.188
690,Danie,Penna,dpennaj5@stumbleupon.com,Bigender,117.73.27.161
691,Deni,Essame,dessamej6@parallels.com,Polygender,69.64.46.60
692,Seumas,Waugh,swaughj7@sciencedirect.com,Male,93.160.230.90
693,Modesta,Glandon,mglandonj8@europa.eu,Female,123.28.123.211
694,Olva,Frier,ofrierj9@cargocollective.com,Female,252.65.195.12
695,Vivianne,Boagey,vboageyja@google.ru,Female,204.133.249.255
696,Adrien,Shackell,ashackelljb@a8.net,Male,175.106.199.212
697,Grenville,Aarons,gaaronsjc@telegraph.co.uk,Male,6.3.77.107
698,Archambault,Pashley,apashleyjd@microsoft.com,Male,211.181.207.198
699,Parsifal,Dumblton,pdumbltonje@yandex.ru,Male,81.49.220.9
700,Drusi,Tallis,dtallisjf@usnews.com,Female,124.37.223.227
701,Sheppard,Koschek,skoschekjg@prnewswire.com,Male,32.229.44.45
702,Alfons,Scrauniage,ascrauniagejh@domainmarket.com,Male,24.41.93.201
703,Tobey,Lathwood,tlathwoodji@prlog.org,Female,63.223.109.70
704,Sully,Salliere,ssallierejj@cdbaby.com,Male,233.33.184.81
705,Emanuel,Mansfield,emansfieldjk@blog.com,Male,245.61.218.75
706,Dominique,Swatheridge,dswatheridgejl@dion.ne.jp,Genderqueer,118.181.118.151
707,Ase,Lancastle,alancastlejm@stanford.edu,Male,254.19.71.89
708,Wilow,Melloi,wmelloijn@bloomberg.com,Female,142.27.136.226
709,Teador,Corden,tcordenjo@hc360.com,Male,122.188.115.154
710,Darline,Copeman,dcopemanjp@barnesandnoble.com,Female,29.156.44.65
711,Ingunna,Mazzei,imazzeijq@posterous.com,Female,25.141.52.254
712,Tris,Persich,tpersichjr@tumblr.com,Male,249.136.98.80
713,Elena,Bachman,ebachmanjs@blogspot.com,Female,121.116.202.245
714,Em,Duprey,edupreyjt@answers.com,Male,89.183.109.195
715,Kath,Luisetti,kluisettiju@ezinearticles.com,Genderfluid,196.254.13.51
716,Celestine,Housby,chousbyjv@hud.gov,Female,180.183.154.152
717,Emile,Houseley,ehouseleyjw@yellowbook.com,Male,206.228.236.124
718,Lyon,Baynard,lbaynardjx@indiegogo.com,Male,73.6.35.225
719,Iago,Rain,irainjy@altervista.org,Male,226.101.41.15
720,Ainslee,Kilcullen,akilcullenjz@e-recht24.de,Female,98.77.195.219
721,Rodolph,Balsom,rbalsomk0@va.gov,Male,188.160.75.119
722,Nathaniel,Wraith,nwraithk1@telegraph.co.uk,Genderqueer,238.169.182.207
723,Thornie,Fairfoull,tfairfoullk2@nyu.edu,Male,203.236.55.162
724,Paton,Shrive,pshrivek3@sfgate.com,Male,74.68.249.103
725,Lee,Welburn,lwelburnk4@utexas.edu,Male,40.211.88.240
726,Kenyon,Kerr,kkerrk5@free.fr,Male,161.172.213.46
727,Ty,Rasp,traspk6@nps.gov,Male,142.247.128.87
728,Minta,Romeo,mromeok7@dion.ne.jp,Female,243.44.184.206
729,Moses,Whitefoot,mwhitefootk8@psu.edu,Male,192.22.123.49
730,Fonsie,Rawling,frawlingk9@si.edu,Male,10.35.80.78
731,Seka,Hursthouse,shursthouseka@webs.com,Female,197.226.105.186
732,Rodd,Northcott,rnorthcottkb@shutterfly.com,Agender,32.47.201.189
733,Eden,Osment,eosmentkc@jigsy.com,Female,180.46.116.169
734,Graham,Blackhall,gblackhallkd@drupal.org,Polygender,174.52.111.209
735,Caty,Bosdet,cbosdetke@berkeley.edu,Female,41.16.93.75
736,Helyn,Mattys,hmattyskf@yahoo.com,Genderqueer,43.75.71.198
737,Eyde,O'Tierney,eotierneykg@thetimes.co.uk,Female,72.37.31.38
738,Eudora,Bolesma,ebolesmakh@go.com,Female,144.149.194.118
739,Andrej,Tallon,atallonki@mlb.com,Male,141.13.212.25
740,Gayleen,Gregoletti,ggregolettikj@economist.com,Female,9.84.131.95
741,Katy,Prebble,kprebblekk@xinhuanet.com,Female,176.64.64.20
742,Dennie,Nicholas,dnicholaskl@dropbox.com,Female,39.58.153.48
743,Lilla,McGorley,lmcgorleykm@va.gov,Female,57.188.124.37
744,Mickie,Needham,mneedhamkn@instagram.com,Female,96.190.63.62
745,Ariadne,Pastor,apastorko@istockphoto.com,Female,166.24.115.57
746,Weston,Blazynski,wblazynskikp@cbsnews.com,Male,248.246.30.22
747,Susette,Awde,sawdekq@comcast.net,Female,251.218.44.127
748,Kendricks,Inmett,kinmettkr@bing.com,Genderqueer,92.12.12.184
749,Claudetta,Mimmack,cmimmackks@msu.edu,Non-binary,52.88.33.56
750,Averell,Lyford,alyfordkt@zdnet.com,Male,45.221.84.175
751,Jedidiah,Dell 'Orto,jdellortoku@twitter.com,Male,95.167.166.204
752,Vyky,Tedman,vtedmankv@scientificamerican.com,Female,12.96.43.33
753,Cthrine,Iddins,ciddinskw@photobucket.com,Female,114.49.30.72
754,Traver,Grinaugh,tgrinaughkx@ebay.co.uk,Male,71.121.128.185
755,Gracia,Kubicki,gkubickiky@cbc.ca,Female,11.254.118.29
756,Sashenka,Physic,sphysickz@telegraph.co.uk,Female,245.24.220.62
757,Yardley,Binham,ybinhaml0@mozilla.com,Male,170.123.71.147
758,Marthe,Hartzenberg,mhartzenbergl1@mit.edu,Female,1.0.189.240
759,Sutherland,Yarrington,syarringtonl2@skyrock.com,Male,245.87.97.55
760,Gillan,Mattschas,gmattschasl3@1688.com,Female,39.141.57.167
761,Bruno,Barcke,bbarckel4@reddit.com,Male,27.234.66.44
762,Simona,Camacho,scamachol5@independent.co.uk,Female,220.245.161.226
763,Sheela,Ilyinski,silyinskil6@aol.com,Female,236.113.6.108
764,Bern,Swiers,bswiersl7@ucla.edu,Male,0.150.120.8
765,Kial,Mahoney,kmahoneyl8@mapquest.com,Female,113.125.130.157
766,Emery,Whithorn,ewhithornl9@fema.gov,Male,152.224.104.207
767,Juli,Purbrick,jpurbrickla@usatoday.com,Female,238.108.111.76
768,Lucais,Beers,lbeerslb@eepurl.com,Male,93.182.132.83
769,Sosanna,Rubberts,srubbertslc@freewebs.com,Female,75.248.230.95
770,Pete,Guinery,pguineryld@phoca.cz,Male,84.130.173.112
771,Alexander,Madge,amadgele@reverbnation.com,Male,201.12.208.178
772,Haven,Bispo,hbispolf@jugem.jp,Male,135.233.71.182
773,Karlee,Yarr,kyarrlg@mysql.com,Agender,68.252.30.180
774,Virgie,Eunson,veunsonlh@tiny.cc,Male,239.132.102.37
775,Audre,Spoor,aspoorli@chicagotribune.com,Female,20.129.33.213
776,Millard,Ivamy,mivamylj@usnews.com,Male,186.3.170.199
777,Corey,Tellwright,ctellwrightlk@thetimes.co.uk,Female,192.133.224.130
778,Minnie,Huge,mhugell@go.com,Female,86.135.157.186
779,Marlane,Braywood,mbraywoodlm@hatena.ne.jp,Female,193.66.60.6
780,Loralie,Dodgson,ldodgsonln@google.com.au,Female,249.117.86.44
781,Bronnie,Dayment,bdaymentlo@vkontakte.ru,Male,197.23.91.123
782,Rutledge,Lawrenz,rlawrenzlp@rakuten.co.jp,Male,216.210.8.181
783,Aldus,Broker,abrokerlq@adobe.com,Male,29.191.64.24
784,Rosa,Haversum,rhaversumlr@reference.com,Female,243.108.226.178
785,Ricky,Defau,rdefauls@jiathis.com,Female,29.227.171.96
786,Morton,Desvignes,mdesvigneslt@facebook.com,Male,208.18.175.227
787,Rosabelle,Brokenshaw,rbrokenshawlu@wikia.com,Female,173.174.82.123
788,Rosella,Aviss,ravisslv@washingtonpost.com,Female,219.139.240.37
789,Alejoa,Ohm,aohmlw@vinaora.com,Male,206.192.192.252
790,Brant,Dearth,bdearthlx@hostgator.com,Male,227.91.149.43
791,Lemar,Gawkes,lgawkesly@macromedia.com,Male,189.21.18.233
792,Pascale,Forde,pfordelz@technorati.com,Male,226.182.128.136
793,Leontine,Middup,lmiddupm0@geocities.com,Female,141.56.247.39
794,Ranee,Hrinchenko,rhrinchenkom1@plala.or.jp,Female,65.64.209.209
795,Shantee,Fyndon,sfyndonm2@vimeo.com,Female,140.116.149.146
796,Yovonnda,Jemison,yjemisonm3@xrea.com,Female,193.15.21.103
797,Rebeca,Surcomb,rsurcombm4@usatoday.com,Female,37.223.220.146
798,James,Dowyer,jdowyerm5@google.com.br,Male,11.109.212.209
799,Dorothy,Kidds,dkiddsm6@cbslocal.com,Female,195.204.202.32
800,Douglass,Dohrmann,ddohrmannm7@delicious.com,Male,205.79.69.3
801,Justine,Dumphrey,jdumphreym8@sakura.ne.jp,Female,130.241.139.153
802,Elene,Kibblewhite,ekibblewhitem9@accuweather.com,Female,41.2.248.179
803,Steven,Bonifant,sbonifantma@google.cn,Male,124.252.78.20
804,Mile,Oulner,moulnermb@mapquest.com,Male,68.243.152.166
805,Janet,Paule,jpaulemc@dailymail.co.uk,Female,68.118.145.235
806,Lorianna,Soares,lsoaresmd@sciencedaily.com,Female,109.203.110.82
807,Legra,MacCallister,lmaccallisterme@mapy.cz,Female,137.141.37.1
808,Dar,Durrell,ddurrellmf@archive.org,Male,177.222.133.147
809,Shepherd,Hyder,shydermg@buzzfeed.com,Male,152.212.18.119
810,Silvana,Manicom,smanicommh@squidoo.com,Female,131.177.35.17
811,Shanan,Toon,stoonmi@chicagotribune.com,Bigender,221.102.42.101
812,Linnell,Praill,lpraillmj@g.co,Female,26.151.81.18
813,Zonnya,Tyers,ztyersmk@slashdot.org,Female,156.113.250.65
814,Gwyn,Grevile,ggrevileml@sciencedaily.com,Female,73.17.116.126
815,Stace,Rantoull,srantoullmm@infoseek.co.jp,Female,122.47.227.111
816,Serene,Franceschino,sfranceschinomn@yellowbook.com,Female,28.162.161.131
817,Wallie,Craney,wcraneymo@weibo.com,Female,68.92.73.233
818,Lacy,Do,ldomp@about.me,Female,155.137.176.186
819,Hetty,Shakelady,hshakeladymq@deliciousdays.com,Female,107.52.164.23
820,Margarita,Golds,mgoldsmr@bizjournals.com,Female,43.74.70.81
821,Rivalee,Skoyles,rskoylesms@cafepress.com,Female,144.70.225.16
822,Paddy,MacFayden,pmacfaydenmt@google.ru,Male,218.209.187.237
823,Farra,Cowle,fcowlemu@yahoo.co.jp,Female,58.178.215.77
824,Natalya,Adelberg,nadelbergmv@wiley.com,Female,242.41.149.130
825,Even,Spellessy,espellessymw@purevolume.com,Male,4.150.111.47
826,Malinde,Pheasant,mpheasantmx@vistaprint.com,Female,117.28.12.225
827,Norri,Targett,ntargettmy@deviantart.com,Female,160.29.217.151
828,Tiphany,Fourman,tfourmanmz@histats.com,Non-binary,178.165.16.119
829,Orland,Ahmad,oahmadn0@slideshare.net,Male,49.215.242.129
830,Falito,Hattiff,fhattiffn1@dedecms.com,Male,36.199.109.192
831,Klaus,Miettinen,kmiettinenn2@shinystat.com,Male,128.242.154.28
832,Shermie,Sterte,ssterten3@scribd.com,Male,169.63.158.128
833,Farrel,Cultcheth,fcultchethn4@hao123.com,Male,70.48.175.227
834,Frannie,MacLaverty,fmaclavertyn5@shareasale.com,Male,45.92.2.241
835,Rutger,Baselli,rbasellin6@utexas.edu,Male,75.66.163.226
836,Janeta,Janeway,jjanewayn7@nba.com,Bigender,72.53.91.212
837,Kelsey,Smithers,ksmithersn8@cbc.ca,Female,83.71.18.67
838,Ysabel,Boule,yboulen9@facebook.com,Female,6.153.230.239
839,Eva,Orsi,eorsina@reuters.com,Female,44.33.242.158
840,Kailey,Blann,kblannnb@acquirethisname.com,Female,177.92.157.24
841,Mab,Cesconi,mcesconinc@cnbc.com,Female,21.90.67.43
842,Hendrick,Noore,hnoorend@nih.gov,Male,16.209.181.82
843,Kevin,Lindholm,klindholmne@slate.com,Male,123.193.122.80
844,Sheilah,Hollindale,shollindalenf@google.pl,Female,195.10.180.187
845,Doy,Garrard,dgarrardng@taobao.com,Male,155.171.107.164
846,Justino,Challiner,jchallinernh@dell.com,Male,93.247.145.39
847,Mike,Seekings,mseekingsni@nhs.uk,Male,208.129.130.69
848,Lucie,Furmagier,lfurmagiernj@hexun.com,Female,222.162.182.221
849,Sayre,Postlethwaite,spostlethwaitenk@mysql.com,Male,231.210.228.116
850,Ashlan,Meates,ameatesnl@furl.net,Bigender,83.56.15.190
851,Aurea,Buffery,abufferynm@npr.org,Female,107.129.57.247
852,Rodrigo,Oxby,roxbynn@sitemeter.com,Male,132.212.107.92
853,Lenci,Swalteridge,lswalteridgeno@topsy.com,Male,156.15.227.14
854,Merissa,Baudin,mbaudinnp@japanpost.jp,Female,232.36.95.55
855,Linus,Hucke,lhuckenq@google.com,Male,145.35.234.138
856,Shandra,Hyatt,shyattnr@usatoday.com,Female,77.148.34.237
857,Elnora,Wheatley,ewheatleyns@csmonitor.com,Female,15.50.96.27
858,Tamma,Lowrie,tlowrient@theatlantic.com,Female,118.27.255.187
859,Colleen,Oakhill,coakhillnu@constantcontact.com,Female,59.6.32.221
860,Heidi,Adam,hadamnv@dyndns.org,Female,210.102.153.168
861,Auguste,Wardroper,awardropernw@wikimedia.org,Female,168.27.160.84
862,Rutherford,Charsley,rcharsleynx@boston.com,Male,77.90.48.149
863,Estell,Apthorpe,eapthorpeny@barnesandnoble.com,Polygender,243.96.28.74
864,Elinor,Carde,ecardenz@google.ru,Female,41.1.55.221
865,Phedra,Doerr,pdoerro0@nbcnews.com,Female,214.221.85.132
866,Parry,McOmish,pmcomisho1@amazon.co.uk,Male,186.177.213.111
867,Pegeen,Mugleston,pmuglestono2@google.com.br,Female,191.98.224.16
868,Terza,Bidewell,tbidewello3@cdbaby.com,Female,210.116.123.92
869,Kara-lynn,Metzel,kmetzelo4@vk.com,Female,95.170.117.113
870,Ruthanne,Brithman,rbrithmano5@fotki.com,Female,184.4.148.132
871,Abeu,Edkins,aedkinso6@deliciousdays.com,Male,95.240.183.11
872,Van,O' Gara,vogarao7@fotki.com,Male,93.118.251.251
873,Jamil,Hought,jhoughto8@youku.com,Male,5.240.60.67
874,Carlyle,Reboul,creboulo9@qq.com,Bigender,66.163.156.116
875,Donny,MacKintosh,dmackintoshoa@reuters.com,Female,101.41.1.1
876,Dayna,Wordesworth,dwordesworthob@issuu.com,Female,33.148.229.119
877,Kristi,Charte,kcharteoc@admin.ch,Female,172.239.162.199
878,Gracie,Groombridge,ggroombridgeod@ihg.com,Female,179.252.241.159
879,Calli,Allerton,callertonoe@mayoclinic.com,Female,5.122.140.106
880,Alexandre,Goldbourn,agoldbournof@hc360.com,Male,161.245.101.233
881,Pen,Caffrey,pcaffreyog@4shared.com,Female,172.171.156.102
882,Thalia,Boffin,tboffinoh@parallels.com,Female,191.45.30.241
883,Bernetta,Duckitt,bduckittoi@163.com,Female,204.75.83.224
884,Fielding,Duckit,fduckitoj@blinklist.com,Male,17.230.215.96
885,Leanora,Onslow,lonslowok@google.cn,Female,91.248.163.169
886,Crysta,Bartczak,cbartczakol@moonfruit.com,Female,209.95.78.203
887,Catherina,Parlet,cparletom@elpais.com,Female,71.101.131.60
888,Susy,Plowes,sploweson@nps.gov,Female,129.73.69.129
889,Laurene,Gleave,lgleaveoo@tripadvisor.com,Female,45.176.37.88
890,Izaak,Rasp,iraspop@bandcamp.com,Male,123.136.126.244
891,Ardath,MacHostie,amachostieoq@imgur.com,Female,64.79.212.216
892,Natal,Arnould,narnouldor@studiopress.com,Male,164.138.116.161
893,Alikee,Records,arecordsos@mayoclinic.com,Genderfluid,135.203.15.21
894,Cole,Mandrier,cmandrierot@so-net.ne.jp,Non-binary,85.47.79.221
895,Everard,Kevlin,ekevlinou@artisteer.com,Male,35.97.208.117
896,Laurette,Crennan,lcrennanov@example.com,Female,58.63.254.104
897,Ase,Baptist,abaptistow@msu.edu,Male,201.95.54.13
898,Kenyon,Cescoti,kcescotiox@irs.gov,Male,82.98.100.142
899,Timmie,Isaksen,tisaksenoy@toplist.cz,Male,108.119.170.238
900,Reinold,Adderson,raddersonoz@independent.co.uk,Male,202.229.57.109
901,Nan,Johanchon,njohanchonp0@independent.co.uk,Female,215.24.212.175
902,Dela,Conradie,dconradiep1@nasa.gov,Female,241.171.141.85
903,Frank,Donohoe,fdonohoep2@huffingtonpost.com,Female,55.231.5.52
904,Marga,Saddler,msaddlerp3@about.com,Female,200.3.81.221
905,Bret,Fenwick,bfenwickp4@bloglines.com,Male,241.50.118.116
906,Ewan,Gajownik,egajownikp5@discovery.com,Male,228.10.226.63
907,Othilia,Endersby,oendersbyp6@phoca.cz,Female,16.1.62.2
908,Monty,Stiven,mstivenp7@mit.edu,Male,50.0.132.67
909,Casey,Perrottet,cperrottetp8@sphinn.com,Male,42.92.14.140
910,Bev,Harteley,bharteleyp9@paypal.com,Male,79.143.152.229
911,Pat,Stubbington,pstubbingtonpa@barnesandnoble.com,Female,219.237.61.140
912,Jeni,Rolley,jrolleypb@narod.ru,Genderqueer,189.229.234.225
913,Tonia,Rennels,trennelspc@jugem.jp,Female,28.120.136.118
914,Augustine,Seston,asestonpd@cnbc.com,Polygender,203.102.155.83
915,Immanuel,Romeuf,iromeufpe@blogspot.com,Agender,171.240.133.201
916,Nero,Burmingham,nburminghampf@quantcast.com,Male,156.43.103.218
917,Maxie,Leuren,mleurenpg@domainmarket.com,Male,169.151.12.231
918,Burnaby,Dreschler,bdreschlerph@lulu.com,Male,127.153.185.220
919,Dilan,Bauser,dbauserpi@tumblr.com,Male,120.241.179.65
920,Nancee,Rickman,nrickmanpj@netlog.com,Female,28.89.228.187
921,Arabela,Knoton,aknotonpk@whitehouse.gov,Female,127.173.221.155
922,Maynord,Pruckner,mprucknerpl@123-reg.co.uk,Male,211.60.12.243
923,Mattie,Chopping,mchoppingpm@wiley.com,Male,69.71.178.165
924,Cos,Castagnasso,ccastagnassopn@skyrock.com,Male,205.104.133.147
925,Kevyn,Aronowitz,karonowitzpo@mozilla.org,Genderqueer,146.47.173.76
926,Roselle,Wooster,rwoosterpp@nih.gov,Female,37.109.13.191
927,Hildegarde,Siley,hsileypq@amazon.co.uk,Genderqueer,132.57.88.195
928,Elyse,Birckmann,ebirckmannpr@yellowbook.com,Female,217.249.153.17
929,Shamus,McFadden,smcfaddenps@wunderground.com,Male,4.196.94.205
930,Hurleigh,Caldron,hcaldronpt@hatena.ne.jp,Male,220.200.99.27
931,Drew,Dannell,ddannellpu@woothemes.com,Male,241.202.59.150
932,Alessandro,Johananoff,ajohananoffpv@google.ru,Male,78.217.77.108
933,Inger,Ditter,iditterpw@cornell.edu,Female,221.125.254.27
934,Judi,Patterfield,jpatterfieldpx@nps.gov,Female,254.217.120.148
935,Aloise,Weerdenburg,aweerdenburgpy@examiner.com,Female,238.112.6.152
936,Rabbi,Walewicz,rwalewiczpz@hostgator.com,Male,44.26.101.4
937,Fletch,Follit,ffollitq0@narod.ru,Male,127.3.61.101
938,Maryrose,Muckian,mmuckianq1@sogou.com,Female,88.96.23.22
939,Keefer,Hawksworth,khawksworthq2@dailymotion.com,Male,124.159.245.110
940,Frazer,Henrot,fhenrotq3@altervista.org,Male,56.200.113.238
941,Jon,Haslewood,jhaslewoodq4@angelfire.com,Male,149.78.81.116
942,Ilaire,Gault,igaultq5@dot.gov,Male,145.185.232.88
943,Jojo,Burress,jburressq6@amazon.co.uk,Female,95.199.222.253
944,Hobard,Dubbin,hdubbinq7@msu.edu,Male,162.251.118.162
945,Mannie,Patesel,mpateselq8@ustream.tv,Male,176.235.100.21
946,Ronica,Ranahan,rranahanq9@51.la,Genderqueer,243.70.29.146
947,Robbert,Bonsey,rbonseyqa@behance.net,Genderqueer,34.99.74.80
948,Kristoforo,Dickson,kdicksonqb@sina.com.cn,Male,78.96.182.114
949,Stormie,Skittrall,sskittrallqc@odnoklassniki.ru,Female,163.12.24.105
950,Dore,Kendle,dkendleqd@about.me,Female,237.116.109.255
951,Issi,Shimoni,ishimoniqe@indiatimes.com,Female,238.116.169.88
952,Karrie,Sawers,ksawersqf@yellowbook.com,Female,113.238.81.150
953,Alexis,Goodbairn,agoodbairnqg@wp.com,Female,210.9.82.113
954,Dewain,Casbolt,dcasboltqh@vinaora.com,Male,77.228.225.224
955,Ange,Reiglar,areiglarqi@bravesites.com,Non-binary,92.96.202.31
956,Tracie,Philcock,tphilcockqj@github.io,Female,134.144.5.91
957,Andris,Laddle,aladdleqk@mapquest.com,Male,54.209.220.164
958,Isac,Traylen,itraylenql@who.int,Male,232.85.60.98
959,Alwin,Revelle,arevelleqm@google.com.br,Male,6.21.127.194
960,Mikol,Gulleford,mgullefordqn@wunderground.com,Male,183.198.75.92
961,Gaye,Kalb,gkalbqo@cmu.edu,Female,102.225.109.40
962,Alexina,Brookwood,abrookwoodqp@accuweather.com,Female,69.70.81.26
963,Harp,Langrish,hlangrishqq@tuttocitta.it,Male,118.189.118.252
964,Zachariah,Stocker,zstockerqr@nsw.gov.au,Male,136.184.224.251
965,Darin,Kornyakov,dkornyakovqs@meetup.com,Male,68.25.74.5
966,Hattie,Aucott,haucottqt@xing.com,Polygender,230.57.131.232
967,Hillie,Gasquoine,hgasquoinequ@zimbio.com,Male,56.91.83.105
968,Suzi,Rushmere,srushmereqv@toplist.cz,Female,101.197.83.24
969,Domingo,Lowy,dlowyqw@cnet.com,Male,135.115.36.112
970,Harriette,Rickets,hricketsqx@baidu.com,Female,212.249.141.196
971,Cilka,Kirtland,ckirtlandqy@pagesperso-orange.fr,Female,203.153.75.99
972,Bellanca,Geraudy,bgeraudyqz@godaddy.com,Female,141.187.30.188
973,Pammi,Battista,pbattistar0@google.co.jp,Bigender,236.101.95.94
974,Laureen,Saxton,lsaxtonr1@odnoklassniki.ru,Female,107.118.40.105
975,Pavlov,Honnan,phonnanr2@whitehouse.gov,Male,115.218.117.183
976,Hastings,McEntagart,hmcentagartr3@google.ca,Male,127.191.180.119
977,Aleen,Dunnico,adunnicor4@com.com,Bigender,156.226.208.186
978,Eli,De Gregoli,edegregolir5@arstechnica.com,Male,233.188.61.254
979,Vasily,Hellwig,vhellwigr6@ezinearticles.com,Male,255.152.205.111
980,Dinah,Duffill,dduffillr7@cdbaby.com,Female,76.102.56.64
981,Lilli,Dumbreck,ldumbreckr8@zimbio.com,Female,74.73.31.120
982,Evelin,Dudden,eduddenr9@linkedin.com,Male,168.212.14.209
983,Nanni,Gilli,ngillira@addtoany.com,Female,43.137.96.250
984,Ellen,Huff,ehuffrb@deviantart.com,Female,103.190.84.165
985,Thane,Pendre,tpendrerc@bbc.co.uk,Male,78.236.127.58
986,Gilberta,Beernaert,gbeernaertrd@bloglines.com,Female,33.137.204.165
987,Vail,Kincey,vkinceyre@cbsnews.com,Male,180.149.79.162
988,Roi,Carse,rcarserf@devhub.com,Male,4.75.199.240
989,Lindi,Di Matteo,ldimatteorg@nasa.gov,Female,152.186.188.131
990,Rochelle,Dowdall,rdowdallrh@dailymail.co.uk,Female,41.58.125.100
991,Brigham,Patient,bpatientri@weather.com,Male,153.147.225.79
992,Nealson,Brok,nbrokrj@intel.com,Male,23.128.95.112
993,Hal,Manueau,hmanueaurk@examiner.com,Male,249.74.89.67
994,Siouxie,McMorran,smcmorranrl@shinystat.com,Female,31.110.157.174
995,Yardley,Crew,ycrewrm@whitehouse.gov,Male,243.60.147.179
996,Marthena,Stobbe,mstobbern@noaa.gov,Non-binary,111.115.173.198
997,Gerik,Ibbett,gibbettro@zdnet.com,Male,254.201.236.242
998,Bari,Jeakins,bjeakinsrp@bloomberg.com,Female,89.36.170.16
999,Rasla,Tinker,rtinkerrq@networksolutions.com,Female,87.65.31.163
1000,Alfy,Hamel,ahamelrr@sfgate.com,Female,70.72.119.57
